<?xml version="1.0" encoding="utf-8" ?>
<dwsync>
<file name="Authenticate_model.php" server="8ff.6d3.myftpupload.com//service/" local="131544087592359468" remote="131359680000000000" Dst="0" />
<file name="familyfood_model.php" server="8ff.6d3.myftpupload.com//service/" local="131544087604367611" remote="131522889000000000" Dst="0" />
<file name="familyfood_model1.php" server="8ff.6d3.myftpupload.com//service/" local="131544087609180817" remote="131359680000000000" Dst="0" />
<file name="familyfood_model_04_02.php" server="8ff.6d3.myftpupload.com//service/" local="131544087609461366" remote="131359680000000000" Dst="0" />
<file name="index.html" server="8ff.6d3.myftpupload.com//service/" local="131544087616627323" remote="131359680000000000" Dst="0" />
<file name="familyfood_model_04_10.php" server="8ff.6d3.myftpupload.com//service/" local="131544087641410807" remote="131361408000000000" Dst="0" />
<file name="Authenticate_model.php" server="67.227.159.159//public_html/service/" local="131544087592359468" remote="131544016800000000" Dst="0" />
<file name="familyfood_model.php" server="67.227.159.159//public_html/service/" local="131544087604367611" remote="131544016800000000" Dst="0" />
<file name="familyfood_model1.php" server="67.227.159.159//public_html/service/" local="131544087609180817" remote="131544016800000000" Dst="0" />
<file name="familyfood_model_04_02.php" server="67.227.159.159//public_html/service/" local="131544087609461366" remote="131544016800000000" Dst="0" />
<file name="index.html" server="67.227.159.159//public_html/service/" local="131544087616627323" remote="131544016800000000" Dst="0" />
<file name="familyfood_model_04_10.php" server="67.227.159.159//public_html/service/" local="131544087641410807" remote="131544016800000000" Dst="0" />
</dwsync>