<?xml version="1.0" encoding="utf-8" ?>
<dwsync>
<file name="login.php" server="8ff.6d3.myftpupload.com//service/" local="131536321928449044" remote="131503155000000000" Dst="0" />
<file name="cronjob.php" server="8ff.6d3.myftpupload.com//service/" local="131536321913624675" remote="131430817200000000" Dst="0" />
<file name="index.html" server="8ff.6d3.myftpupload.com//service/" local="131536321919677019" remote="131359680000000000" Dst="0" />
<file name="login1.php" server="8ff.6d3.myftpupload.com//service/" local="131536321931266284" remote="131359680000000000" Dst="0" />
<file name="mail.php" server="8ff.6d3.myftpupload.com//service/" local="131536321936402155" remote="131359680000000000" Dst="0" />
<file name="login_04_27.php" server="8ff.6d3.myftpupload.com//service/" local="131536321939398193" remote="131359680000000000" Dst="0" />
<file name="welcome.php" server="8ff.6d3.myftpupload.com//service/" local="131536321939493237" remote="131359680000000000" Dst="0" />
<file name="index.html" server="67.227.159.159//public_html/service/" local="131536321919677019" remote="131544016800000000" Dst="0" />
<file name="cronjob.php" server="67.227.159.159//public_html/service/" local="131536321913624675" remote="131544016800000000" Dst="0" />
<file name="login.php" server="67.227.159.159//public_html/service/" local="131536321928449044" remote="131544016800000000" Dst="0" />
<file name="login_04_27.php" server="67.227.159.159//public_html/service/" local="131536321939398193" remote="131544016800000000" Dst="0" />
<file name="login1.php" server="67.227.159.159//public_html/service/" local="131536321931266284" remote="131544016800000000" Dst="0" />
<file name="mail.php" server="67.227.159.159//public_html/service/" local="131536321936402155" remote="131544016800000000" Dst="0" />
<file name="welcome.php" server="67.227.159.159//public_html/service/" local="131536321939493237" remote="131544016800000000" Dst="0" />
</dwsync>